501,Deluxe Twin
502,Deluxe Balcony Seaview King 
503,Deluxe Twin
504,Deluxe Balcony Seaview King 
506,Deluxe Balcony Seaview Twin 
508,Deluxe Balcony Seaview King 
510,Deluxe Balcony Seaview Twin 
512,Deluxe Balcony Seaview Twin 
514,Deluxe Balcony Seaview King 
515,Deluxe Twin
516,Deluxe Balcony Seaview King 
517,Deluxe King
518,Deluxe Balcony Seaview King 
519,Deluxe Twin
520,Deluxe Balcony Seaview King 
521,Deluxe King
522,Deluxe Balcony Seaview Twin 
523,Deluxe Twin
524,Deluxe Balcony Seaview Twin 
525,Deluxe King
526,Deluxe Balcony Seaview King 
527,Deluxe Twin
528,Deluxe Balcony Seaview King 
529,Deluxe Twin
601,Deluxe Twin
602,Deluxe Balcony Seaview King 
603,Deluxe Twin
604,Deluxe Balcony Seaview King 
606,Deluxe Balcony Seaview Twin 
608,Deluxe Balcony Seaview King 
610,Deluxe Balcony Seaview Twin 
612,Deluxe Balcony Seaview Twin 
614,Deluxe Balcony Seaview King 
615,Deluxe Twin
616,Deluxe Balcony Seaview King 
617,Deluxe King
618,Deluxe Balcony Seaview King 
619,Deluxe Twin
620,Deluxe Balcony Seaview King 
621,Deluxe King
622,Deluxe Balcony Seaview Twin 
623,Deluxe Twin
624,Deluxe Balcony Seaview Twin 
625,Deluxe King
626,Deluxe Balcony Seaview King 
627,Deluxe Twin
628,Deluxe Balcony Seaview King 
629,Deluxe Twin
701,Deluxe Twin
702,Deluxe Balcony Seaview King 
703,Deluxe Twin
704,Deluxe Balcony Seaview King 
706,Deluxe Balcony Seaview Twin 
708,Deluxe Balcony Seaview King 
710,Deluxe Balcony Seaview Twin 
712,Deluxe Balcony Seaview Twin 
714,Deluxe Balcony Seaview King 
715,Deluxe Twin
716,Deluxe Balcony Seaview King 
717,Deluxe King
718,Deluxe Balcony Seaview King 
719,Deluxe Twin
720,Deluxe Balcony Seaview King 
721,Deluxe King
722,Deluxe Balcony Seaview Twin 
723,Deluxe Twin
724,Deluxe Balcony Seaview Twin 
725,Deluxe King
726,Deluxe Balcony Seaview King 
727,Deluxe Twin
728,Deluxe Balcony Seaview King 
729,Deluxe Twin
801,Deluxe Twin
802,Deluxe Balcony Seaview King 
803,Deluxe Twin
804,Deluxe Balcony Seaview King 
806,Deluxe Balcony Seaview Twin 
808,Deluxe Balcony Seaview King 
810,Deluxe Balcony Seaview Twin 
812,Deluxe Balcony Seaview Twin 
814,Deluxe Balcony Seaview King 
815,Deluxe Twin
816,Deluxe Balcony Seaview King 
817,Deluxe King
818,Deluxe Balcony Seaview King 
819,Deluxe Twin
820,Deluxe Balcony Seaview King 
821,Deluxe King
822,Deluxe Balcony Seaview Twin 
823,Deluxe Twin
824,Deluxe Balcony Seaview Twin 
825,Deluxe King
826,Deluxe Balcony Seaview King 
827,Deluxe Twin
828,Deluxe Balcony Seaview King 
829,Deluxe Twin
901,Deluxe Twin
902,Deluxe Balcony Seaview King 
903,Deluxe Twin
904,Deluxe Balcony Seaview King 
906,Deluxe Balcony Seaview Twin 
908,Deluxe Balcony Seaview King 
910,Deluxe Balcony Seaview Twin 
912,Deluxe Balcony Seaview Twin 
914,One Bedrrom Suite Seaview
915,Deluxe Twin
917,Deluxe King
918,One Bedrrom Suite Seaview
919,Deluxe Twin
921,Deluxe King
922,Deluxe Balcony Seaview Twin 
923,Deluxe Twin
924,Deluxe Balcony Seaview Twin 
925,Deluxe King
926,Deluxe Balcony Seaview King 
927,Deluxe Twin
928,Deluxe Balcony Seaview King 
929,Deluxe Twin
1001,Deluxe King
1002,Deluxe Balcony Seaview King 
1003,Deluxe Twin
1004,Deluxe Balcony Seaview King 
1008,One Bedrrom Suite Seaview
1010,Deluxe Balcony Seaview Twin 
1012,Deluxe Balcony Seaview Twin 
1014,One Bedrrom Suite Seaview
1015,Deluxe Twin
1017,Deluxe King
1018,One Bedrrom Suite Seaview
1019,Deluxe Twin
1021,Deluxe King
1022,Deluxe Balcony Seaview Twin 
1023,Deluxe Twin
1024,Deluxe Balcony Seaview Twin 
1025,Deluxe King
1026,One Bedrrom Suite Seaview
1027,Deluxe King
1029,Deluxe King
2101,Deluxe Balcony Twin 
2102,Deluxe Balcony King 
2103,Deluxe Balcony Twin 
2104,Deluxe Balcony King 
2105,Deluxe Balcony King 
2106,Deluxe Balcony King 
2107,Deluxe Balcony Twin 
2108,Deluxe Balcony King 
2110,Family Suite Pool Access 
2111,Deluxe Pool Access Twin 
2112,Deluxe Pool Access Twin 
2114,Family Suite Pool Access 
2115,Deluxe Pool Access Twin 
2116,Deluxe Pool Access King 
2117,Deluxe Pool Access Twin 
2118,Deluxe Pool Access King 
2119,Deluxe Pool Access Twin 
2120,Deluxe Pool Access King 
2201,Deluxe Balcony Twin 
2202,Deluxe Balcony King 
2203,Deluxe Balcony Twin 
2204,Deluxe Balcony King 
2205,Deluxe Balcony King 
2206,Deluxe Balcony King 
2207,Deluxe Balcony Twin 
2208,Deluxe Balcony King 
2210,Family Suite 
2211,Deluxe Balcony Twin 
2212,Deluxe Balcony Twin 
2214,Family Suite 
2215,Deluxe Balcony Twin 
2216,Deluxe Balcony King 
2217,Deluxe Balcony Twin 
2218,Deluxe Balcony King 
2219,Deluxe Balcony Twin 
2220,Deluxe Balcony King 
2301,Deluxe Balcony Twin 
2302,Deluxe Balcony King 
2303,Deluxe Balcony Twin 
2304,Deluxe Balcony King 
2305,Deluxe Balcony King 
2306,Deluxe Balcony King 
2307,Deluxe Balcony Twin 
2308,Deluxe Balcony King 
2309,Deluxe Balcony Twin 
2310,Deluxe Balcony King 
2311,Deluxe Balcony Twin 
2312,Deluxe Balcony Twin 
2314,Deluxe Balcony King 
2315,Deluxe Balcony King 
2316,Deluxe Balcony Twin 
2317,Deluxe Balcony King 
2318,Deluxe Balcony Twin 
2319,Deluxe Balcony King 
2320,Deluxe Balcony Twin 
2321,Deluxe Balcony King 
3101,Deluxe Balcony Twin 
3102,Deluxe Balcony King 
3103,Deluxe Balcony Twin 
3104,Deluxe Balcony King 
3105,Deluxe Balcony King 
3106,Deluxe Balcony King 
3107,Deluxe Balcony Twin 
3108,Deluxe Balcony King 
3110,Family Suite 
3111,Deluxe Balcony Twin 
3112,Deluxe Balcony Twin 
3114,Family Suite 
3115,Deluxe Balcony Twin 
3116,Deluxe Balcony King 
3117,Deluxe Balcony Twin 
3118,Deluxe Balcony King 
3119,Deluxe Balcony Twin 
3120,Deluxe Balcony King 
3201,Deluxe Balcony Twin 
3202,Deluxe Balcony King 
3203,Deluxe Balcony Twin 
3204,Deluxe Balcony King 
3205,Deluxe Balcony King 
3206,Deluxe Balcony King 
3207,Deluxe Balcony Twin 
3208,Deluxe Balcony King 
3210,Family Suite 
3211,Deluxe Balcony Twin 
3212,Deluxe Balcony Twin 
3214,Family Suite 
3215,Deluxe Balcony Twin 
3216,Deluxe Balcony King 
3217,Deluxe Balcony Twin 
3218,Deluxe Balcony King 
3219,Deluxe Balcony Twin 
3220,Deluxe Balcony King 
3301,Deluxe Balcony King 
3302,Deluxe Balcony King 
3303,Deluxe Balcony Twin 
3304,Deluxe Balcony King 
3305,Deluxe Balcony King 
3306,Deluxe Balcony King 
3307,Deluxe Balcony Twin 
3308,Deluxe Balcony King 
3310,Family Suite 
3311,Deluxe Balcony Twin 
3312,Deluxe Balcony Twin 
3314,Deluxe Balcony King 
3315,Deluxe Balcony King 
3316,Deluxe Balcony Twin 
3317,Deluxe Balcony King 
3318,Deluxe Balcony Twin 
3319,Deluxe Balcony King 
3320,Deluxe Balcony Twin 
3321,Deluxe Balcony King 
2121,Pool Villa
2122,Pool Villa
2123,Pool Villa
2124,Pool Villa
3121,Pool Villa
3122,Pool Villa
2125,Beachfront Jacuzzi Villa 
2126,Beachfront Pool Villa 